video_id,comment_text,predicted_label,confidence,prob_positive,prob_neutral,prob_negative,like_count,reply_count,overall_sentiment_score,positive_percent,neutral_percent,negative_percent,analyzed_at
D2A_46EIfLA,"Poor Harry..",negative,0.5313,0.3887,0.0801,0.5313,39997,233,69,69,0,31,2026-04-14T21:58:04.085Z
D2A_46EIfLA,"How did vik and Harry get ranked as the meanest that one time. They’re both so wholesome.",positive,0.8502,0.8502,0.0017,0.1482,5281,233,69,69,0,31,2026-04-14T21:58:04.085Z
D2A_46EIfLA,"Deji: granny get out the box Calfreezy: granny protect yourself *Chip: hit the granny*",negative,0.5138,0.4786,0.0077,0.5138,1558,233,69,69,0,31,2026-04-14T21:58:04.085Z
D2A_46EIfLA,"The fact vik was happy to share his box with Ethan and then gave something to the fan as well was so wholesome what a great guy",positive,0.9740,0.9740,0.0011,0.0249,9647,233,69,69,0,31,2026-04-14T21:58:04.085Z
D2A_46EIfLA,"vikk and tobi making sure the guy got smth he actually wanted, is the best, they both really are kind people, true class, well done",positive,0.9838,0.9838,0.0012,0.0150,4382,233,69,69,0,31,2026-04-14T21:58:04.085Z
D2A_46EIfLA,"Harry and Vikk were rated the meanest sidemen and theyre the most charitable in the end.",positive,0.8965,0.8965,0.0015,0.1020,4353,233,69,69,0,31,2026-04-14T21:58:04.085Z
D2A_46EIfLA,"Harry picking that box with the granny yelling at him is just perfection. 😂",positive,0.9569,0.9569,0.0011,0.0419,4988,233,69,69,0,31,2026-04-14T21:58:04.085Z
D2A_46EIfLA,"Callus is an evil genius, and that was a wholesome ending for Harry lol",positive,0.8962,0.8962,0.0016,0.1023,2813,233,69,69,0,31,2026-04-14T21:58:04.085Z
D2A_46EIfLA,"the way vik was trying to show off the stuff in his box but everybody was invested in the dirt bike😭😭",negative,0.7636,0.2304,0.0060,0.7636,325,233,69,69,0,31,2026-04-14T21:58:04.085Z
D2A_46EIfLA,"Give the editors a raise…my heart sinked when Ethan sinked in the horseshit",negative,0.9684,0.0308,0.0008,0.9684,5241,233,69,69,0,31,2026-04-14T21:58:04.085Z
D2A_46EIfLA,"I genuinely felt so bad for Harry until I saw the Gran give him the money 😂",negative,0.5988,0.3948,0.0063,0.5988,2804,233,69,69,0,31,2026-04-14T21:58:04.085Z
D2A_46EIfLA,"Danny getting scared of the spider box after it doesn’t work is the most Danny thing ever",positive,0.5515,0.5515,0.0042,0.4443,4746,233,69,69,0,31,2026-04-14T21:58:04.085Z
D2A_46EIfLA,"Vik being a humble man as usual is so wholesome",positive,0.9774,0.9774,0.0012,0.0214,978,233,69,69,0,31,2026-04-14T21:58:04.085Z
D2A_46EIfLA,"It was so wholesome to see how Deji was excited to show off his stuff for Josh 😭 He was that gassed he forgot to say hello to his barber and didn’t even remember Jarvis",positive,0.9637,0.9637,0.0012,0.0351,4498,233,69,69,0,31,2026-04-14T21:58:04.085Z
D2A_46EIfLA,"Harry and Vik gotta be the most humble and nice guys on sidemen",positive,0.8207,0.8207,0.0032,0.1762,8941,233,69,69,0,31,2026-04-14T21:58:04.085Z
D2A_46EIfLA,"Theo making a terrible box is infinitely funnier than someone else purposefully making a terrible box",negative,0.6314,0.3661,0.0025,0.6314,17867,233,69,69,0,31,2026-04-14T21:58:04.085Z
D2A_46EIfLA,"34:00 this whole sequence has got to be one of the funniest moments in the sidemen 😭 deji struggling with the mask then breaking it with his head game, Tobi getting mad over the box, and Theo trying t",positive,0.9709,0.9709,0.0010,0.0281,54,233,69,69,0,31,2026-04-14T21:58:04.085Z
D2A_46EIfLA,"Vik is such a wholesome guy , he gave ethan as well as the guy the gifts.",positive,0.9763,0.9763,0.0011,0.0226,13953,233,69,69,0,31,2026-04-14T21:58:04.085Z
D2A_46EIfLA,"Poor Harry I can’t 😭😭 “I’m trying” “I’m really trying” aww HES so sweet",positive,0.8388,0.8388,0.0022,0.1590,1963,233,69,69,0,31,2026-04-14T21:58:04.085Z
D2A_46EIfLA,"KSI is a fun special guest, they should really do more videos with him in it",positive,0.9380,0.9380,0.0013,0.0607,6397,233,69,69,0,31,2026-04-14T21:58:04.085Z
D2A_46EIfLA,"Vik is so selfless man, what a little hero.",positive,0.9651,0.9651,0.0014,0.0335,5973,233,69,69,0,31,2026-04-14T21:58:04.085Z
D2A_46EIfLA,"Harry and vik were so wholesome in this vid and they always will be",positive,0.9813,0.9813,0.0011,0.0176,2003,233,69,69,0,31,2026-04-14T21:58:04.085Z
D2A_46EIfLA,"bro when callux said he spent all the money on concrete, I just felt my heart drop below the floor. Thank God Harry actually got the money",positive,0.6143,0.6143,0.0023,0.3834,1944,233,69,69,0,31,2026-04-14T21:58:04.085Z
D2A_46EIfLA,"Callux dropped the funniest move I've ever seen. The woman having the money in her purse the whole time was pure genius.",positive,0.9661,0.9661,0.0011,0.0328,3,233,69,69,0,31,2026-04-14T21:58:04.085Z
D2A_46EIfLA,"Don’t know why people hate Vikk. He’s such a kind guy.",positive,0.9606,0.9606,0.0012,0.0382,8026,233,69,69,0,31,2026-04-14T21:58:04.085Z
D2A_46EIfLA,"33:03 vikk offering gift to the golden ticket winner after giving ethan bike is why we love vikkstar ⭐⭐⭐⭐⭐",positive,0.9220,0.9220,0.0014,0.0766,2173,233,69,69,0,31,2026-04-14T21:58:04.085Z
D2A_46EIfLA,"No sidemen sunday this week?? 10/1 Twitter update: they said they were having problems with the upload and hopefully it will be out Monday",negative,0.7124,0.2851,0.0026,0.7124,34,233,69,69,0,31,2026-04-14T21:58:04.085Z
D2A_46EIfLA,"W2S and Vikkstar duo never disappoints",positive,0.9357,0.9357,0.0022,0.0620,5863,233,69,69,0,31,2026-04-14T21:58:04.085Z
D2A_46EIfLA,"KSI instantly checking on Josh and making sure Josh was okay after the painting's canvas' wood hits him, is a sweet and wholesome moment",positive,0.9742,0.9742,0.0010,0.0247,3231,233,69,69,0,31,2026-04-14T21:58:04.085Z
D2A_46EIfLA,"Felt so bad for Harry and then immediately felt happy for him, he deserves the world ❤",positive,0.9808,0.9808,0.0012,0.0181,2733,233,69,69,0,31,2026-04-14T21:58:04.085Z
D2A_46EIfLA,"51:23 Harry is completely exhausted both mentally and physically 🤣🤣",negative,0.6407,0.3570,0.0024,0.6407,106,233,69,69,0,31,2026-04-14T21:58:04.085Z
D2A_46EIfLA,"I died when Deji said Alfred instead of Jarvis 😂😂😂😂😂",positive,0.5887,0.5887,0.0073,0.4040,621,233,69,69,0,31,2026-04-14T21:58:04.085Z
D2A_46EIfLA,"It's good to see sidemen inviting special guests like KSI !!",positive,0.9271,0.9271,0.0015,0.0714,2311,233,69,69,0,31,2026-04-14T21:58:04.085Z
D2A_46EIfLA,"Vik is such a nice guy man! Deserves everything going on for him!",positive,0.9781,0.9781,0.0011,0.0208,1887,233,69,69,0,31,2026-04-14T21:58:04.085Z
D2A_46EIfLA,"Vikk is honestly a sweetheart and Im happy for Ethan cause he had a rough start. The look on his face was awesome. JJ with simon says XD omg. That was so mean to do to Harry, I started crying for him",positive,0.9771,0.9771,0.0011,0.0218,15,233,69,69,0,31,2026-04-14T21:58:04.085Z
D2A_46EIfLA,"Ksi instantly checking on Josh to see if he was ok was so wholesome",positive,0.8789,0.8789,0.0049,0.1163,2158,233,69,69,0,31,2026-04-14T21:58:04.085Z
D2A_46EIfLA,"harry giving the money to the people after is the most wholesome thing ever. after all that",positive,0.9659,0.9659,0.0012,0.0329,883,233,69,69,0,31,2026-04-14T21:58:04.085Z
D2A_46EIfLA,"I swear to god, vik is winning us over time and time again every week. He has such a golden heart",positive,0.9864,0.9864,0.0015,0.0121,1880,233,69,69,0,31,2026-04-14T21:58:04.085Z
D2A_46EIfLA,"34:53 is the genuinely maddest I've seen Tobi ever lmao, get well soon Theo.",negative,0.6721,0.3259,0.0021,0.6721,339,233,69,69,0,31,2026-04-14T21:58:04.085Z
D2A_46EIfLA,"Harry and the granny interaction was the absolute best. 😂 Him giving her and the crew money too was class. 🙌🏼",positive,0.9850,0.9850,0.0012,0.0138,632,233,69,69,0,31,2026-04-14T21:58:04.085Z
D2A_46EIfLA,"That ITS MINE at 11:14 was so funny I had to rewind it 😂😂😂",positive,0.7026,0.7026,0.0132,0.2841,5,233,69,69,0,31,2026-04-14T21:58:04.085Z
D2A_46EIfLA,"With KSI as a special guest who knows what will happen in this video",positive,0.7069,0.7069,0.0021,0.2910,1886,233,69,69,0,31,2026-04-14T21:58:04.085Z
D2A_46EIfLA,"Vik harry and Tobi just so wholesome - I will always love these 3 especially Vik he’s always been so kind",positive,0.9796,0.9796,0.0011,0.0193,1623,233,69,69,0,31,2026-04-14T21:58:04.085Z
D2A_46EIfLA,"JJ speaking in Ethan's ears like a demon to steal Vikks box has to be the best moment of the video .😂",positive,0.9383,0.9383,0.0012,0.0605,677,233,69,69,0,31,2026-04-14T21:58:04.085Z
D2A_46EIfLA,"gotta love harry, what a nice guy. he even split the money that he could of got all for himself",positive,0.9598,0.9598,0.0012,0.0389,100,233,69,69,0,31,2026-04-14T21:58:04.085Z
D2A_46EIfLA,"Vikkstars a absolute legend he was so humble that 2 people stole from his box. Huge prays for Vik",positive,0.9775,0.9775,0.0011,0.0214,1519,233,69,69,0,31,2026-04-14T21:58:04.085Z
D2A_46EIfLA,"Harry giving the money away is a very underrated thing from him. If I wasted all that energy and time on what he was doing I’d be frustrated, but he was so forgiving at the end of it. Proud Harry mome",positive,0.9562,0.9562,0.0011,0.0427,476,233,69,69,0,31,2026-04-14T21:58:04.085Z
D2A_46EIfLA,"25:29 Second time lucky Chip was mad for that one 💀",negative,0.5401,0.4518,0.0081,0.5401,47,233,69,69,0,31,2026-04-14T21:58:04.085Z
D2A_46EIfLA,"The golden ticket winner was pretty ungrateful, I would be gassed just to be there.",positive,0.5197,0.5197,0.0243,0.4560,2,233,69,69,0,31,2026-04-14T21:58:04.085Z
D2A_46EIfLA,"Harry being so close to crying when he heard there's no money is hilarious",negative,0.6000,0.3972,0.0028,0.6000,900,233,69,69,0,31,2026-04-14T21:58:04.085Z
D2A_46EIfLA,"I love how obvious Deji made his box. Vik is so sweet, having the fan take from his box instead... and I swear Harry asked Granny if she knows where the money is at the start",positive,0.7689,0.7689,0.0019,0.2292,1014,233,69,69,0,31,2026-04-14T21:58:04.085Z
D2A_46EIfLA,"we should lock him back in the box Harry is the definition of letting intrusive thoughts win, absolute mad lad",negative,0.9405,0.0585,0.0011,0.9405,670,233,69,69,0,31,2026-04-14T21:58:04.085Z
D2A_46EIfLA,"32:42 looooool the guy who was meant to steal one item is genuinely pissed 😂😂😂😂😂😂😂😂 bro defo thought he was getting a 7 grand item",negative,0.9050,0.0936,0.0014,0.9050,2,233,69,69,0,31,2026-04-14T21:58:04.085Z
D2A_46EIfLA,"27:12 everyone was so nice asking if josh was okay, but seeing jj so concerned was actually so wholesome and kind😭",positive,0.9556,0.9556,0.0012,0.0432,632,233,69,69,0,31,2026-04-14T21:58:04.085Z
D2A_46EIfLA,"13:08 Chip: “Stevie Wonder…is that raci…?” OMG chip absolutely killed me with this line 😂",positive,0.8405,0.8405,0.0019,0.1576,95,233,69,69,0,31,2026-04-14T21:58:04.085Z
D2A_46EIfLA,"Bro took a PS5 over selling £2700 boots... actually biggest fumble I've seen in a while",negative,0.9569,0.0421,0.0010,0.9569,2,233,69,69,0,31,2026-04-14T21:58:04.085Z
D2A_46EIfLA,"21:45 - NOT THE FIRST TIME A BRIT STOLE FROM AN INDIAN",negative,0.5674,0.4297,0.0029,0.5674,85,233,69,69,0,31,2026-04-14T21:58:04.085Z
D2A_46EIfLA,"11:15 “it’s mine😡” has me dead 😭",negative,0.7750,0.2203,0.0048,0.7750,49,233,69,69,0,31,2026-04-14T21:58:04.085Z
D2A_46EIfLA,"Honestly Vikk is actually so sick man✨ Just respect for him",positive,0.9729,0.9729,0.0012,0.0259,454,233,69,69,0,31,2026-04-14T21:58:04.085Z
D2A_46EIfLA,"36:10 SIMON DRANK GATORADE CAUGHT IN 4K",positive,0.5464,0.5464,0.0025,0.4510,6,233,69,69,0,31,2026-04-14T21:58:04.085Z
D2A_46EIfLA,"36:10 Simon washing down the flavor of prime with gatorade is funny as hell",positive,0.6321,0.6321,0.0027,0.3652,558,233,69,69,0,31,2026-04-14T21:58:04.085Z
D2A_46EIfLA,"25:28 Chip saying “second time lucky” to Ethan is crazy 😂",positive,0.6227,0.6227,0.0152,0.3621,450,233,69,69,0,31,2026-04-14T21:58:04.085Z
D2A_46EIfLA,"Vik is just innately a good and humble guy, no matter what villian arc, he will qlways be a good guy. Its soo wholesome 🎉",positive,0.9825,0.9825,0.0011,0.0163,1092,233,69,69,0,31,2026-04-14T21:58:04.085Z
D2A_46EIfLA,"No one talking about how ungrateful the golden ticket winner is",negative,0.5982,0.3884,0.0133,0.5982,3,233,69,69,0,31,2026-04-14T21:58:04.085Z
D2A_46EIfLA,"12:53 Nah! Danny moving mad in the back 😂",negative,0.7314,0.2549,0.0137,0.7314,27,233,69,69,0,31,2026-04-14T21:58:04.085Z
D2A_46EIfLA,"Lmao. Simon chasing his prime with Gatorade has to be the saddest prime marketing I’ve ever seen😂",negative,0.9805,0.0188,0.0007,0.9805,611,233,69,69,0,31,2026-04-14T21:58:04.085Z
D2A_46EIfLA,"vik is such a kind soul man, bro deserves the best and he's always helping people out what a great guy",positive,0.9746,0.9746,0.0013,0.0242,379,233,69,69,0,31,2026-04-14T21:58:04.085Z
D2A_46EIfLA,"Watching rich people pretending to be happy over a 500 pounds item is entertaining.",negative,0.7251,0.2582,0.0168,0.7251,1,233,69,69,0,31,2026-04-14T21:58:04.085Z
D2A_46EIfLA,"6:27 THAT EDIT GOT ME LAUGHING MORE THAN I SHOULD HAVE😂",negative,0.6688,0.3277,0.0035,0.6688,661,233,69,69,0,31,2026-04-14T21:58:04.085Z
D2A_46EIfLA,"Harry sharing the money was wholesome af",positive,0.8827,0.8827,0.0044,0.1129,379,233,69,69,0,31,2026-04-14T21:58:04.085Z
D2A_46EIfLA,"20:34 everyone dying from embarrassment while Danny’s just casually zooming around.",negative,0.6794,0.3176,0.0030,0.6794,56,233,69,69,0,31,2026-04-14T21:58:04.085Z
D2A_46EIfLA,"21:44 THIS IS ACTUALLY A REFERENCE OF SPLIT AND STEAL 2 😂",negative,0.5148,0.4759,0.0093,0.5148,15,233,69,69,0,31,2026-04-14T21:58:04.085Z
D2A_46EIfLA,"Actually felt so sorry for Harry until the Granny revealed the money!",negative,0.6237,0.3714,0.0049,0.6237,206,233,69,69,0,31,2026-04-14T21:58:04.085Z
D2A_46EIfLA,"Harry giving everyone the money after all the hard work he went through was wholesome",positive,0.9342,0.9342,0.0016,0.0643,333,233,69,69,0,31,2026-04-14T21:58:04.085Z
D2A_46EIfLA,"Vik is slowly becoming my favourite sidemen",positive,0.9380,0.9380,0.0030,0.0590,246,233,69,69,0,31,2026-04-14T21:58:04.085Z
D2A_46EIfLA,"5:00 ofc when im literally eating😭😭😭",positive,0.5174,0.5174,0.0165,0.4661,3,233,69,69,0,31,2026-04-14T21:58:04.085Z
D2A_46EIfLA,"34:52 bro if someone as nice as Tobi yelled at me I’d cry 😂😂",negative,0.6129,0.3843,0.0028,0.6129,68,233,69,69,0,31,2026-04-14T21:58:04.085Z
D2A_46EIfLA,"15:27 broski said Alfred open to the iron man mask😭💀",negative,0.5387,0.4499,0.0114,0.5387,20,233,69,69,0,31,2026-04-14T21:58:04.085Z
D2A_46EIfLA,"Simon constantly confusing JJ by not choosing him made my day. Also, I love 36:09 cuz that felt like real frustration at Simon nearly always besting everyone. 😆",positive,0.9276,0.9276,0.0012,0.0712,598,233,69,69,0,31,2026-04-14T21:58:04.085Z
D2A_46EIfLA,"lmao sidemen monday wtf",negative,0.8262,0.1701,0.0037,0.8262,10,233,69,69,0,31,2026-04-14T21:58:04.085Z
D2A_46EIfLA,"38:42 the way granny just stood there is hilarious haha",positive,0.5218,0.5218,0.0026,0.4756,21,233,69,69,0,31,2026-04-14T21:58:04.085Z
D2A_46EIfLA,"12:47 deji and chip in the background😂😂",positive,0.5225,0.5225,0.0243,0.4532,17,233,69,69,0,31,2026-04-14T21:58:04.085Z
D2A_46EIfLA,"Harry saying its mine is an imprint on my mind 11:10",positive,0.8911,0.8911,0.0016,0.1073,119,233,69,69,0,31,2026-04-14T21:58:04.085Z
D2A_46EIfLA,"Alfred Open 🤣 poor Jarvis.",negative,0.6654,0.3289,0.0057,0.6654,2,233,69,69,0,31,2026-04-14T21:58:04.085Z
D2A_46EIfLA,"Vik is so genuinely nice, it's absolutely insane.",positive,0.9560,0.9560,0.0016,0.0424,132,233,69,69,0,31,2026-04-14T21:58:04.085Z
D2A_46EIfLA,"Nah vik is actually nice, he wanted ethan to win and Ethan took the most expensive thing in his box and still offered the winner to take from his box❤️👌",positive,0.9184,0.9184,0.0014,0.0802,109,233,69,69,0,31,2026-04-14T21:58:04.085Z
D2A_46EIfLA,"anyone waiting for the new vid",positive,0.4452,0.4452,0.1338,0.4210,30,233,69,69,0,31,2026-04-14T21:58:04.085Z
D2A_46EIfLA,"47:24 Freezy killed me 😂😂😂",positive,0.6676,0.6676,0.0080,0.3243,13,233,69,69,0,31,2026-04-14T21:58:04.085Z
D2A_46EIfLA,"Vikk and Harry are the most Humble Sidemen!!❤",positive,0.9586,0.9586,0.0011,0.0402,301,233,69,69,0,31,2026-04-14T21:58:04.085Z
D2A_46EIfLA,"harry, vik, tobi, jj, and simon playing simon says with chip is so funny!",positive,0.9423,0.9423,0.0012,0.0565,166,233,69,69,0,31,2026-04-14T21:58:04.085Z
D2A_46EIfLA,"Where is today's sidemen Sunday",negative,0.6625,0.3287,0.0088,0.6625,18,233,69,69,0,31,2026-04-14T21:58:04.085Z
D2A_46EIfLA,"53:30 I just randomly skipped to this part without watching the video first wtf💀💀💀💀",negative,0.7921,0.2057,0.0022,0.7921,17,233,69,69,0,31,2026-04-14T21:58:04.085Z
D2A_46EIfLA,"Danny's gift for Olive is definitely a well thought out Mother Aarons job😁😁",positive,0.9743,0.9743,0.0011,0.0246,136,233,69,69,0,31,2026-04-14T21:58:04.085Z
D2A_46EIfLA,"Vik and Behz are actually so wholesome during that steal bit, I’m glad he got a bike",positive,0.9687,0.9687,0.0011,0.0302,186,233,69,69,0,31,2026-04-14T21:58:04.085Z
D2A_46EIfLA,"Have you still got that baby doll I want it 😂❤ 46:14",positive,0.9316,0.9316,0.0017,0.0667,4,233,69,69,0,31,2026-04-14T21:58:04.085Z
D2A_46EIfLA,"9:00 is an iconic harry tinder line",positive,0.7477,0.7477,0.0234,0.2289,11,233,69,69,0,31,2026-04-14T21:58:04.085Z
D2A_46EIfLA,"LMAO, loved it when tobi couldn't find anything in his box for the golden ticket winner and so vikk offered tobi and the ticket winner to take from his box😭 and the wholesome moment with harry and the",positive,0.9503,0.9503,0.0012,0.0485,75,233,69,69,0,31,2026-04-14T21:58:04.085Z
D2A_46EIfLA,"vik is a legend for this so nice made tobi and ethan day by giving them stuff he won W Vikk.",positive,0.9810,0.9810,0.0011,0.0180,260,233,69,69,0,31,2026-04-14T21:58:04.085Z
D2A_46EIfLA,"Waiting for this week's sidemen sunday😢😢",positive,0.4901,0.4901,0.0470,0.4629,14,233,69,69,0,31,2026-04-14T21:58:04.085Z
D2A_46EIfLA,"The disappointment and the betrayal Harry had 😂😂",negative,0.9439,0.0551,0.0009,0.9439,55,233,69,69,0,31,2026-04-14T21:58:04.085Z
tEafRp8kZMg,"So fun to have you guys there! Thank you for joining 💪",positive,0.9798,0.9798,0.0023,0.0179,328,1,67.82,67.82,0,32.18,2026-04-15T10:43:21.506Z
tEafRp8kZMg,"Pretty honoured Jeffs called me a professional hyrox athlete, he probably also thought I was French",positive,0.5206,0.5206,0.0039,0.4754,136,1,67.82,67.82,0,32.18,2026-04-15T10:43:21.506Z
tEafRp8kZMg,"For JJ to finish 6th and end 7th just feels right 🤣",positive,0.6928,0.6928,0.0135,0.2937,98,1,67.82,67.82,0,32.18,2026-04-15T10:43:21.506Z
tEafRp8kZMg,"I saw Amotti and was like yeah everyone’s finished",negative,0.6147,0.3599,0.0255,0.6147,137,1,67.82,67.82,0,32.18,2026-04-15T10:43:21.506Z
tEafRp8kZMg,"great vid - big up JJ for actually participating in Theo Baker vid",positive,0.9854,0.9854,0.0014,0.0132,168,1,67.82,67.82,0,32.18,2026-04-15T10:43:21.506Z
tEafRp8kZMg,"B the Belgians just out there for the vibes 😂😂😂 love it",positive,0.6566,0.6566,0.0782,0.2652,67,1,67.82,67.82,0,32.18,2026-04-15T10:43:21.506Z
tEafRp8kZMg,"Average Rob & Arno made our country Belgium proud 💪",positive,0.9508,0.9508,0.0012,0.0480,35,1,67.82,67.82,0,32.18,2026-04-15T10:43:21.506Z
tEafRp8kZMg,"I'm seeing some Physical Asia participants (Kim Dong-hyun, Amotti, Dom Tomato and Eloni Vunakece).",positive,0.6360,0.6360,0.0096,0.3544,29,1,67.82,67.82,0,32.18,2026-04-15T10:43:21.506Z
tEafRp8kZMg,"Wait wait wait... amotti? Lol yeah 10 secs in, you guys are done. The guy is a fitness freak",negative,0.9715,0.0277,0.0008,0.9715,11,1,67.82,67.82,0,32.18,2026-04-15T10:43:21.506Z
tEafRp8kZMg,"20 YouTubers Vs worlds biggest adult fitness class",positive,0.5207,0.5207,0.0231,0.4562,28,1,67.82,67.82,0,32.18,2026-04-15T10:43:21.506Z
tEafRp8kZMg,"Tomtom just did it himself",positive,0.6826,0.6826,0.0510,0.2664,11,1,67.82,67.82,0,32.18,2026-04-15T10:43:21.506Z
tEafRp8kZMg,"I’m so impressed with JJ this year . Literally content content , insane vids, hyrox , killing it and this weekend the charity match . For me the hardest working you tuber so far this year !!! ❤😊",positive,0.9867,0.9867,0.0013,0.0120,4,1,67.82,67.82,0,32.18,2026-04-15T10:43:21.506Z
tEafRp8kZMg,"The livestream was such a good watch and seeing all the behind the scenes. You guys smashed it. Knew as soon as Amotti and Stungun were competing them and Tonton would be tough to beat",positive,0.9867,0.9867,0.0012,0.0120,9,1,67.82,67.82,0,32.18,2026-04-15T10:43:21.506Z
tEafRp8kZMg,"South Korea is insane good luck",positive,0.5452,0.5452,0.0413,0.4135,3,1,67.82,67.82,0,32.18,2026-04-15T10:43:21.506Z
tEafRp8kZMg,"The UK youtube scene should adopt Jeff Wittek",positive,0.5374,0.5374,0.0695,0.3931,19,1,67.82,67.82,0,32.18,2026-04-15T10:43:21.506Z
tEafRp8kZMg,"“I’m ready to disappoint everyone” - Belgium",negative,0.5740,0.4106,0.0154,0.5740,2,1,67.82,67.82,0,32.18,2026-04-15T10:43:21.506Z
tEafRp8kZMg,"Look at all these hybrid rockstars.",positive,0.4541,0.4541,0.1698,0.3761,3,1,67.82,67.82,0,32.18,2026-04-15T10:43:21.506Z
tEafRp8kZMg,"No Romeo, No Juliet is an absolute banger 🔥",positive,0.9674,0.9674,0.0035,0.0291,3,1,67.82,67.82,0,32.18,2026-04-15T10:43:21.506Z
tEafRp8kZMg,"Great video, Good fitness and amazing missing the lap 😂",positive,0.9834,0.9834,0.0016,0.0150,2,1,67.82,67.82,0,32.18,2026-04-15T10:43:21.506Z
tEafRp8kZMg,"look theo is helping out small KSI, love it",positive,0.9197,0.9197,0.0022,0.0782,1,1,67.82,67.82,0,32.18,2026-04-15T10:43:21.506Z
tEafRp8kZMg,"jeff is too funny man lmao",positive,0.4934,0.4934,0.1675,0.3392,2,1,67.82,67.82,0,32.18,2026-04-15T10:43:21.506Z
tEafRp8kZMg,"amotti!!!",positive,0.4036,0.4036,0.2294,0.3670,1,1,67.82,67.82,0,32.18,2026-04-15T10:43:21.506Z
tEafRp8kZMg,"what an amazing video so inspiring as always",positive,0.9587,0.9587,0.0083,0.0330,1,1,67.82,67.82,0,32.18,2026-04-15T10:43:21.506Z
tEafRp8kZMg,"Never thought 6-7 could be a real thing 😂",positive,0.5939,0.5939,0.0306,0.3755,1,1,67.82,67.82,0,32.18,2026-04-15T10:43:21.506Z
tEafRp8kZMg,"im glad i was also confused when reev was team france as well haha",positive,0.6115,0.6115,0.0322,0.3563,1,1,67.82,67.82,0,32.18,2026-04-15T10:43:21.506Z
tEafRp8kZMg,"Here we go again",negative,0.4439,0.3550,0.2011,0.4439,0,1,67.82,67.82,0,32.18,2026-04-15T10:43:21.506Z
tEafRp8kZMg,"Done yourself proud lads 💪🏻 , big up browney for putting the event on too!",positive,0.9836,0.9836,0.0014,0.0149,0,1,67.82,67.82,0,32.18,2026-04-15T10:43:21.506Z
tEafRp8kZMg,"LET’S FRIGGING GOOOOOOOOOOOOOOO!!!! 💪🏼💪🏼💪🏼💪🏼",positive,0.8747,0.8747,0.0192,0.1061,0,1,67.82,67.82,0,32.18,2026-04-15T10:43:21.506Z
tEafRp8kZMg,"YOU HAVE TO RUN IT BACK AND COME 1st 🔥",positive,0.9066,0.9066,0.0029,0.0905,2,1,67.82,67.82,0,32.18,2026-04-15T10:43:21.506Z
tEafRp8kZMg,"13:32 😂",positive,0.4062,0.4062,0.2153,0.3784,0,1,67.82,67.82,0,32.18,2026-04-15T10:43:21.506Z
tEafRp8kZMg,"it’s diabolical to call this the hardest fitness competition 😂",negative,0.8778,0.1201,0.0020,0.8778,0,1,67.82,67.82,0,32.18,2026-04-15T10:43:21.506Z
tEafRp8kZMg,"Theo is in amazing shape! Good on him, plus giving positive feedback to JJ the whole time. Very impressive!",positive,0.9846,0.9846,0.0012,0.0142,0,1,67.82,67.82,0,32.18,2026-04-15T10:43:21.506Z
tEafRp8kZMg,"Love it",positive,0.3697,0.3697,0.2786,0.3516,0,1,67.82,67.82,0,32.18,2026-04-15T10:43:21.506Z
tEafRp8kZMg,"Under 2 years gang",positive,0.4248,0.4248,0.1674,0.4078,0,1,67.82,67.82,0,32.18,2026-04-15T10:43:21.506Z
tEafRp8kZMg,"11:19 Lmaoo",negative,0.4345,0.3912,0.1742,0.4345,0,1,67.82,67.82,0,32.18,2026-04-15T10:43:21.506Z
tEafRp8kZMg,"Theo 'The Draco Malfoy' Baker, legend.",positive,0.6412,0.6412,0.0407,0.3180,0,1,67.82,67.82,0,32.18,2026-04-15T10:43:21.506Z
tEafRp8kZMg,"physical 100 yess",positive,0.3984,0.3984,0.2426,0.3589,1,1,67.82,67.82,0,32.18,2026-04-15T10:43:21.506Z
tEafRp8kZMg,"I haven't seen Jeff in yrs damn 😭 W vid by Theo as usual keep it up man",positive,0.9804,0.9804,0.0011,0.0185,0,1,67.82,67.82,0,32.18,2026-04-15T10:43:21.506Z
tEafRp8kZMg,"watching this as i eat a pizza",positive,0.5715,0.5715,0.0180,0.4105,0,1,67.82,67.82,0,32.18,2026-04-15T10:43:21.506Z
tEafRp8kZMg,"the robbie trainer",positive,0.3985,0.3985,0.2218,0.3797,0,1,67.82,67.82,0,32.18,2026-04-15T10:43:21.506Z
tEafRp8kZMg,"Here under 10 mins!",positive,0.3921,0.3921,0.2500,0.3580,0,1,67.82,67.82,0,32.18,2026-04-15T10:43:21.506Z
tEafRp8kZMg,"Steve still shadowing KSI even while bro was running around",positive,0.5693,0.5693,0.0072,0.4235,0,1,67.82,67.82,0,32.18,2026-04-15T10:43:21.506Z
tEafRp8kZMg,"it’s just not the worlds hardest fitness competition 😭😭😭",negative,0.7255,0.2705,0.0040,0.7255,0,1,67.82,67.82,0,32.18,2026-04-15T10:43:21.506Z
tEafRp8kZMg,"Nice movie",positive,0.3907,0.3907,0.2519,0.3574,1,1,67.82,67.82,0,32.18,2026-04-15T10:43:21.506Z
tEafRp8kZMg,"DID I JUST SEE AMOTTTTTIII IN THE THUMBNAILLLLLLLLLLLLLLL",negative,0.5741,0.4173,0.0086,0.5741,0,1,67.82,67.82,0,32.18,2026-04-15T10:43:21.506Z
tEafRp8kZMg,"Let's goooo",positive,0.3801,0.3801,0.2659,0.3540,0,1,67.82,67.82,0,32.18,2026-04-15T10:43:21.506Z
tEafRp8kZMg,"Under 30 mins gang",positive,0.4140,0.4140,0.2097,0.3763,0,1,67.82,67.82,0,32.18,2026-04-15T10:43:21.506Z
tEafRp8kZMg,"This is how I find out reeves name is Oliver 😂💀",positive,0.5501,0.5501,0.0056,0.4443,0,1,67.82,67.82,0,32.18,2026-04-15T10:43:21.506Z
tEafRp8kZMg,"Lets go Amotti and Stun Gun",positive,0.5592,0.5592,0.0642,0.3766,0,1,67.82,67.82,0,32.18,2026-04-15T10:43:21.506Z
tEafRp8kZMg,"5:05 Omg Jake Dearden the goat",positive,0.7114,0.7114,0.0171,0.2714,0,1,67.82,67.82,0,32.18,2026-04-15T10:43:21.506Z
tEafRp8kZMg,"There are smurfs in the lobby",negative,0.6611,0.3089,0.0300,0.6611,0,1,67.82,67.82,0,32.18,2026-04-15T10:43:21.506Z
tEafRp8kZMg,"Came here from ksi's channel and i was confused why theo was at sch an event😂 Interested to see how the video goes",positive,0.7802,0.7802,0.0021,0.2177,0,1,67.82,67.82,0,32.18,2026-04-15T10:43:21.506Z
tEafRp8kZMg,"Germany is also more and more letting go of Microsoft, but as you said — Munich did the rollback. But one of our states goes completely OSS, Linux OS, Liebeoffice, Nextcloud, Openexchange — 25k worksp",positive,0.7666,0.7666,0.0028,0.2306,1,1,67.82,67.82,0,32.18,2026-04-15T10:43:21.506Z
tEafRp8kZMg,"yeah as soon as I saw Amotti , no one had a chance, NO ONE in the world. Dude's unbeaten in TWO Physical 100 seasons, this was like a warmup for him",negative,0.6482,0.3494,0.0025,0.6482,0,1,67.82,67.82,0,32.18,2026-04-15T10:43:21.506Z
tEafRp8kZMg,"1:05",positive,0.3700,0.3700,0.2736,0.3565,0,1,67.82,67.82,0,32.18,2026-04-15T10:43:21.506Z
tEafRp8kZMg,"Best fun South Africa",positive,0.4328,0.4328,0.2201,0.3471,1,1,67.82,67.82,0,32.18,2026-04-15T10:43:21.506Z
tEafRp8kZMg,"Amazing 0:35 😢😢😢😢😢",positive,0.8635,0.8635,0.0110,0.1255,0,1,67.82,67.82,0,32.18,2026-04-15T10:43:21.506Z
tEafRp8kZMg,"Some of these challenges feel illegal Who even designed this😂",negative,0.7347,0.2628,0.0025,0.7347,0,1,67.82,67.82,0,32.18,2026-04-15T10:43:21.506Z
tEafRp8kZMg,"woders of cource",negative,0.4978,0.4137,0.0885,0.4978,0,1,67.82,67.82,0,32.18,2026-04-15T10:43:21.506Z
tEafRp8kZMg,"Browney and most of these are full time fitness creators, it's already a cheat 😂😂😂",negative,0.9213,0.0773,0.0014,0.9213,0,1,67.82,67.82,0,32.18,2026-04-15T10:43:21.506Z
tEafRp8kZMg,"Where was this streamed?",negative,0.4797,0.4122,0.1081,0.4797,0,1,67.82,67.82,0,32.18,2026-04-15T10:43:21.506Z
tEafRp8kZMg,"❤️ :D",positive,0.3958,0.3958,0.2486,0.3557,0,1,67.82,67.82,0,32.18,2026-04-15T10:43:21.506Z
tEafRp8kZMg,"JJ🎉",positive,0.3863,0.3863,0.2609,0.3527,0,1,67.82,67.82,0,32.18,2026-04-15T10:43:21.506Z
tEafRp8kZMg,"W Physical 100",positive,0.3787,0.3787,0.2622,0.3591,0,1,67.82,67.82,0,32.18,2026-04-15T10:43:21.506Z
tEafRp8kZMg,"hardest fitness competition is an Ironman not hyrox lol",negative,0.6388,0.3482,0.0130,0.6388,3,1,67.82,67.82,0,32.18,2026-04-15T10:43:21.506Z
tEafRp8kZMg,"lmao jj, didnt want to carry, calfreezy again, man's didnt do anything last time.",negative,0.8929,0.1053,0.0017,0.8929,0,1,67.82,67.82,0,32.18,2026-04-15T10:43:21.506Z
tEafRp8kZMg,"Bruce",positive,0.3686,0.3686,0.2726,0.3589,0,1,67.82,67.82,0,32.18,2026-04-15T10:43:21.506Z
tEafRp8kZMg,"Is there Amazon giftcards",positive,0.3764,0.3764,0.2559,0.3677,0,1,67.82,67.82,0,32.18,2026-04-15T10:43:21.506Z
tEafRp8kZMg,"Theo leads the rest of YT follow; this time next year everyone will be doing this at a sold out Wembley",positive,0.7980,0.7980,0.0018,0.2001,3,1,67.82,67.82,0,32.18,2026-04-15T10:43:21.506Z
tEafRp8kZMg,"Who is that @14:31 ? Asking for me…",negative,0.5678,0.4100,0.0222,0.5678,0,1,67.82,67.82,0,32.18,2026-04-15T10:43:21.506Z
tEafRp8kZMg,"Anyone here as a roosters fan for eloni",positive,0.4792,0.4792,0.0556,0.4652,0,1,67.82,67.82,0,32.18,2026-04-15T10:43:21.506Z
tEafRp8kZMg,"theo mate wdym you did 2 of this so quick? im tired listening abt it",negative,0.9833,0.0160,0.0007,0.9833,0,1,67.82,67.82,0,32.18,2026-04-15T10:43:21.506Z
tEafRp8kZMg,"First 🤓☝",positive,0.3817,0.3817,0.2425,0.3758,0,1,67.82,67.82,0,32.18,2026-04-15T10:43:21.506Z
tEafRp8kZMg,"4:23 says he's not racist, and then continues to judge/accuse teams classifying them by race",negative,0.8307,0.1668,0.0026,0.8307,16,1,67.82,67.82,0,32.18,2026-04-15T10:43:21.506Z
tEafRp8kZMg,"🕋💔😭😢.وَاَللَّهِ مَا تَكَلَّمْتُ… إِلَّا مِنَ الْجُوعِ..وَالْفَقْرِ وَضِيقِ الْحَالِ.. حَسْبُنَا اللّهُ وَنِعْمَ الْوَكِيلُ فِي مَن وُصِلْنَا بِهَذَا الْحَالِ. إِنِّي وَإِخْوَانِي الصّغَارِ صَارَ لَنَا",negative,0.5713,0.4243,0.0045,0.5713,2,1,67.82,67.82,0,32.18,2026-04-15T10:43:21.506Z
tEafRp8kZMg,"Team Belgium ⚫🟡🔴 !!",positive,0.6208,0.6208,0.0537,0.3255,0,1,67.82,67.82,0,32.18,2026-04-15T10:43:21.506Z
tEafRp8kZMg,"so tired of editing didnt color grade at last",negative,0.9182,0.0802,0.0015,0.9182,0,1,67.82,67.82,0,32.18,2026-04-15T10:43:21.506Z
tEafRp8kZMg,"Don't subscribe 😂 please",negative,0.5709,0.4000,0.0291,0.5709,1,1,67.82,67.82,0,32.18,2026-04-15T10:43:21.506Z
tEafRp8kZMg,"Insane refresh pull Edit : Here for KSI ❤",positive,0.5300,0.5300,0.0025,0.4675,1,1,67.82,67.82,0,32.18,2026-04-15T10:43:21.506Z
tEafRp8kZMg,"as a south african...im not suprised that we came last...we're only good at rugby and corruption.",negative,0.6703,0.3250,0.0047,0.6703,7,1,67.82,67.82,0,32.18,2026-04-15T10:43:21.506Z
tEafRp8kZMg,"KSI stop spamming gang",negative,0.4994,0.3985,0.1021,0.4994,0,1,67.82,67.82,0,32.18,2026-04-15T10:43:21.506Z
tEafRp8kZMg,"First",positive,0.3640,0.3640,0.2830,0.3530,0,1,67.82,67.82,0,32.18,2026-04-15T10:43:21.506Z
tEafRp8kZMg,"american guy says not racist then proceeds to make 4 racial claims back to back lmao",negative,0.9196,0.0789,0.0015,0.9196,0,1,67.82,67.82,0,32.18,2026-04-15T10:43:21.506Z
tEafRp8kZMg,"No offence how do u miss a lap 😂",negative,0.7246,0.2621,0.0133,0.7246,1,1,67.82,67.82,0,32.18,2026-04-15T10:43:21.506Z
tEafRp8kZMg,"Worlds hardest fitness competition 😂😂 organised sports day",negative,0.6180,0.3776,0.0044,0.6180,3,1,67.82,67.82,0,32.18,2026-04-15T10:43:21.506Z
tEafRp8kZMg,"for how much Theo goes on about running and fitness he is so slow and unfit",negative,0.9287,0.0701,0.0012,0.9287,0,1,67.82,67.82,0,32.18,2026-04-15T10:43:21.506Z
tEafRp8kZMg,"I’m here for @brvce🔥🇿🇦🇿🇦",positive,0.9821,0.9821,0.0012,0.0168,1,1,67.82,67.82,0,32.18,2026-04-15T10:43:21.506Z
P1ZP-tEK3Ns,"►Shop for merchandise: https://autogefuehl.shop/ ►Subscribe here: https://www.youtube.com/user/autogefuehl?sub_confirmation=1 ►Also subscribe to our YouTube shorts channel: https://www.youtube.com/@th",positive,0.7329,0.7329,0.0021,0.2650,5,0,60,60,0,40,2026-04-15T10:59:58.369Z
P1ZP-tEK3Ns,"The 3 series is the most BMW here",positive,0.5726,0.5726,0.0476,0.3798,25,0,60,60,0,40,2026-04-15T10:59:58.369Z
P1ZP-tEK3Ns,"330e with m pack and an s58 dream bmw rn",positive,0.5313,0.5313,0.0067,0.4620,6,0,60,60,0,40,2026-04-15T10:59:58.369Z
P1ZP-tEK3Ns,"The 4 is the best pick",positive,0.4612,0.4612,0.1763,0.3625,6,0,60,60,0,40,2026-04-15T10:59:58.369Z
P1ZP-tEK3Ns,"The 3 series looks the best.",positive,0.4311,0.4311,0.1815,0.3874,48,0,60,60,0,40,2026-04-15T10:59:58.369Z
P1ZP-tEK3Ns,"The best for the money, i would say, the 5!",positive,0.8130,0.8130,0.0025,0.1845,3,0,60,60,0,40,2026-04-15T10:59:58.369Z
P1ZP-tEK3Ns,"My favourite Is the 5 Series",positive,0.4336,0.4336,0.2124,0.3540,2,0,60,60,0,40,2026-04-15T10:59:58.369Z
P1ZP-tEK3Ns,"We in Germany are saying: „Freude am Fahren“",positive,0.4234,0.4234,0.1638,0.4128,1,0,60,60,0,40,2026-04-15T10:59:58.369Z
P1ZP-tEK3Ns,"Wow, epic comparison video! Autogefühl is the best!",positive,0.9812,0.9812,0.0013,0.0175,1,0,60,60,0,40,2026-04-15T10:59:58.369Z
P1ZP-tEK3Ns,"M340i, unbelievable price vs performance and looks 👌🏻 🔥",positive,0.9480,0.9480,0.0013,0.0507,0,0,60,60,0,40,2026-04-15T10:59:58.369Z
P1ZP-tEK3Ns,"M340i xDrive",positive,0.4929,0.4929,0.0223,0.4848,2,0,60,60,0,40,2026-04-15T10:59:58.369Z
P1ZP-tEK3Ns,"I love that bmw just says here is the model … which power train would you like",positive,0.7456,0.7456,0.0043,0.2501,0,0,60,60,0,40,2026-04-15T10:59:58.369Z
P1ZP-tEK3Ns,"Great video! Danke",positive,0.4259,0.4259,0.2374,0.3366,2,0,60,60,0,40,2026-04-15T10:59:58.369Z
P1ZP-tEK3Ns,"I love your bmw videos.. finally a german reviewing en german english",positive,0.9509,0.9509,0.0013,0.0478,1,0,60,60,0,40,2026-04-15T10:59:58.369Z
P1ZP-tEK3Ns,"The 5 series has a lot of qualities, but I find it still too long & large. Therefore I think that the 4 series is the right combination of the 3 and the 5. And in the electric version it has better au",negative,0.7382,0.2591,0.0026,0.7382,2,0,60,60,0,40,2026-04-15T10:59:58.369Z
P1ZP-tEK3Ns,"The 3 series looks the best, probably drives the best and sounds the best in all trim levels. The 5 series looks like a Camry and the 7 series looks like what would happen if Geely made a 7 series kno",negative,0.6535,0.3435,0.0030,0.6535,1,0,60,60,0,40,2026-04-15T10:59:58.369Z
P1ZP-tEK3Ns,"nice presentation and very nice voice, almost asmr style. regarding the bmw's, i woud certanly choose a 5 series grey...",positive,0.9794,0.9794,0.0011,0.0196,1,0,60,60,0,40,2026-04-15T10:59:58.369Z
P1ZP-tEK3Ns,"The front looks killer on the 2023-2025 X7. Not so much on the sedan",positive,0.7739,0.7739,0.0058,0.2203,0,0,60,60,0,40,2026-04-15T10:59:58.369Z
P1ZP-tEK3Ns,"3 Series seems to be the right balance. But if I was buying just for myself, would go with the 2 series M240i :)",positive,0.7079,0.7079,0.0024,0.2897,2,0,60,60,0,40,2026-04-15T10:59:58.369Z
P1ZP-tEK3Ns,"00:00 Best BMW sedan? 00:51 BMW 7 Series G70 1:00:25 BMW 5 Series G60 1:49:11 BMW 520d ICE driving 2:00:20 BMW 3 Series G20 2:29:54 BMW 4 Series Gran Coupé G26 2:52:08 BMW 2 Series Gran Coupé 3:35:58",positive,0.6806,0.6806,0.0023,0.3171,11,0,60,60,0,40,2026-04-15T10:59:58.369Z
P1ZP-tEK3Ns,"I your road trip in the Ferrari 430",positive,0.4161,0.4161,0.1856,0.3982,0,0,60,60,0,40,2026-04-15T10:59:58.369Z
P1ZP-tEK3Ns,"que lux ...............",negative,0.4072,0.3935,0.1994,0.4072,0,0,60,60,0,40,2026-04-15T10:59:58.369Z
P1ZP-tEK3Ns,"Definitely BMW 7 series, the 740d xDrive version.",positive,0.7582,0.7582,0.0212,0.2206,0,0,60,60,0,40,2026-04-15T10:59:58.369Z
P1ZP-tEK3Ns,"That's a pretty long ad in between other ads.",negative,0.8676,0.1302,0.0022,0.8676,0,0,60,60,0,40,2026-04-15T10:59:58.369Z
P1ZP-tEK3Ns,"Thank you for the detail. At the early part of the review you ask whether you need a Roller or Bentley if you can have a BMW7. Clearly you do not unless you are a footballer or other celeb for which t",negative,0.7561,0.2416,0.0023,0.7561,1,0,60,60,0,40,2026-04-15T10:59:58.369Z
P1ZP-tEK3Ns,"Jesus you need a 7 series to accommodate back passengers 🤦‍♂",negative,0.9319,0.0668,0.0012,0.9319,0,0,60,60,0,40,2026-04-15T10:59:58.369Z
P1ZP-tEK3Ns,"None",positive,0.3638,0.3638,0.2808,0.3554,0,0,60,60,0,40,2026-04-15T10:59:58.369Z
P1ZP-tEK3Ns,"3 series definitely looks good, the other Bmws have very questionable design. No matter how good they are, you have to look at them. Audi and Mercedes have far better design at the moment. Such a sham",negative,0.5868,0.4103,0.0030,0.5868,3,0,60,60,0,40,2026-04-15T10:59:58.369Z
P1ZP-tEK3Ns,"BMW is testing customer loyalty by pushing out these shit designs",negative,0.9099,0.0887,0.0014,0.9099,0,0,60,60,0,40,2026-04-15T10:59:58.369Z
P1ZP-tEK3Ns,"Man the line up is a disgusting sight ugly and uglier except the base 3series which is sad",negative,0.9872,0.0122,0.0006,0.9872,5,0,60,60,0,40,2026-04-15T10:59:58.369Z
P1ZP-tEK3Ns,"the styling is soo gross across the board 🤮",negative,0.9886,0.0106,0.0007,0.9886,3,0,60,60,0,40,2026-04-15T10:59:58.369Z
P1ZP-tEK3Ns,"In terms of exterior design, only the 3 of this potpourri convinces me, but it is too small for me. Unfortunately, the 3, 5 and 7 all have this cheap, unsporty and uncomfortable touch-only catastrophe",negative,0.9904,0.0089,0.0007,0.9904,0,0,60,60,0,40,2026-04-15T10:59:58.369Z
P1ZP-tEK3Ns,"M850i. Only BMW that exists.",positive,0.7511,0.7511,0.0060,0.2428,4,0,60,60,0,40,2026-04-15T10:59:58.369Z
P1ZP-tEK3Ns,"i dont know what happened to BMW :(",negative,0.5527,0.4353,0.0121,0.5527,0,0,60,60,0,40,2026-04-15T10:59:58.369Z
P1ZP-tEK3Ns,"where to begin… BMW have lost their market shares and build quality with the consumers especially the enthusiast who was the ones that was the majority of supporter of the BMW brand. BMW is to focus i",negative,0.9703,0.0290,0.0008,0.9703,0,0,60,60,0,40,2026-04-15T10:59:58.369Z
P1ZP-tEK3Ns,"yea, completely lost the plot with their design. Waaaay waaay too much going on! I miss style.. Clearly not a thing anymore.. Just bombard with too many features and textures, and thats apparently sty",negative,0.9862,0.0131,0.0006,0.9862,1,0,60,60,0,40,2026-04-15T10:59:58.369Z
P1ZP-tEK3Ns,"second",positive,0.3640,0.3640,0.2823,0.3537,1,0,60,60,0,40,2026-04-15T10:59:58.369Z
P1ZP-tEK3Ns,"first",positive,0.3643,0.3643,0.2825,0.3533,2,0,60,60,0,40,2026-04-15T10:59:58.369Z
P1ZP-tEK3Ns,"BMW IS FAST, UGLY, AND UNRELIABLE. IF YOU GOT A LOT OF MONEY, GO FOR IT. IF NOT YOU WILL NOT BE ABLE TO AFFORD TO FIX IT.",negative,0.9157,0.0830,0.0013,0.9157,1,0,60,60,0,40,2026-04-15T10:59:58.369Z
P1ZP-tEK3Ns,"que lux ...........",negative,0.4295,0.3936,0.1769,0.4295,0,0,60,60,0,40,2026-04-15T10:59:58.369Z
oP_EYxhNhXk,"Here's wishing you all a very Happy Diwali!",positive,0.8585,0.8585,0.0155,0.1260,33,2,44,44,0,56,2026-04-15T11:01:49.935Z
oP_EYxhNhXk,"Previous gen 530d >>>",positive,0.3895,0.3895,0.2281,0.3824,114,2,44,44,0,56,2026-04-15T11:01:49.935Z
oP_EYxhNhXk,"Don’t know why.. but mercedes always feels leaps ahead in luxury",positive,0.7030,0.7030,0.0099,0.2870,122,2,44,44,0,56,2026-04-15T11:01:49.935Z
oP_EYxhNhXk,"Previous 5 series was such a looker compared to this",positive,0.9011,0.9011,0.0015,0.0974,303,2,44,44,0,56,2026-04-15T11:01:49.935Z
oP_EYxhNhXk,"Gavin be like : BMW i love you, but as a friend 😂😂",positive,0.4984,0.4984,0.0342,0.4674,39,2,44,44,0,56,2026-04-15T11:01:49.935Z
oP_EYxhNhXk,"Those wheels on the 5 series look shit ……. What was bmw thinking 🤨",negative,0.9503,0.0487,0.0010,0.9503,172,2,44,44,0,56,2026-04-15T11:01:49.935Z
oP_EYxhNhXk,"I really miss the 3 pointed star on the bonnet of the Merc. It adds grace, beauty, elegance to it. The tail lights on the Merc look amazing. The BMW kidney grille looks spectacular.",positive,0.9310,0.9310,0.0013,0.0676,16,2,44,44,0,56,2026-04-15T11:01:49.935Z
oP_EYxhNhXk,"I have the BMW 6 GT and honestly that car has much more features than the new 5, I feel the 6 shouldn’t have been replaced.",positive,0.9189,0.9189,0.0013,0.0798,7,2,44,44,0,56,2026-04-15T11:01:49.935Z
oP_EYxhNhXk,"Unpopular opinion it doesn't matter how a car looks when you are sitting inside I think BMW have nailed it in this regard",positive,0.9580,0.9580,0.0012,0.0408,50,2,44,44,0,56,2026-04-15T11:01:49.935Z
oP_EYxhNhXk,"I think you guys really missed the issue with the rear windshield blind as well. There isn't one in the 5. Given the ridiculous summers in the north, IMO it's a HUGE miss.",negative,0.8386,0.1596,0.0018,0.8386,26,2,44,44,0,56,2026-04-15T11:01:49.935Z
oP_EYxhNhXk,"Rear blinds missed all over is a deal breaker",negative,0.9232,0.0756,0.0012,0.9232,10,2,44,44,0,56,2026-04-15T11:01:49.935Z
oP_EYxhNhXk,"If the 5 series had electric reclining seats and retractable blinds, it would have won hands down. A major trick missed by BMW. They could have even priced the car 5 L more.",negative,0.6555,0.3418,0.0027,0.6555,14,2,44,44,0,56,2026-04-15T11:01:49.935Z
oP_EYxhNhXk,"Dream cars for so many of us that grew up in the pre-SUV era",positive,0.6964,0.6964,0.0156,0.2879,6,2,44,44,0,56,2026-04-15T11:01:49.935Z
oP_EYxhNhXk,"How difficult it is to make this kind of video in 4K 60fps?",negative,0.7535,0.2442,0.0023,0.7535,40,2,44,44,0,56,2026-04-15T11:01:49.935Z
oP_EYxhNhXk,"That Active Brake Assist thing is spot on !! It's damn irritating to keep fumbling into the menu and disable it every time you start the car unless you like being rear ended. I have the 2024 C class a",positive,0.9061,0.9061,0.0013,0.0926,7,2,44,44,0,56,2026-04-15T11:01:49.935Z
oP_EYxhNhXk,"16:39 thats incredible cant believe 😮😮",positive,0.4487,0.4487,0.2032,0.3480,4,2,44,44,0,56,2026-04-15T11:01:49.935Z
oP_EYxhNhXk,"Some engineer in Germany was sent to gulag because the vents stopped working.",negative,0.6349,0.3343,0.0308,0.6349,1,2,44,44,0,56,2026-04-15T11:01:49.935Z
oP_EYxhNhXk,"They seriously lack a lot of features for a luxury car.",negative,0.9708,0.0282,0.0009,0.9708,7,2,44,44,0,56,2026-04-15T11:01:49.935Z
oP_EYxhNhXk,"Great review by Gavin as always. Covered all points in both cars. But finally 5 series is far better as value for money than E class.",positive,0.9847,0.9847,0.0012,0.0142,9,2,44,44,0,56,2026-04-15T11:01:49.935Z
oP_EYxhNhXk,"80lacs for 200hp is a joke. My xuv 700 almost have all these features 😂",negative,0.8327,0.1635,0.0038,0.8327,9,2,44,44,0,56,2026-04-15T11:01:49.935Z
oP_EYxhNhXk,"1:07 those cars look photoshopped in the scene lol",negative,0.8216,0.1758,0.0026,0.8216,5,2,44,44,0,56,2026-04-15T11:01:49.935Z
oP_EYxhNhXk,"Now, will Audi bite the bullet and bring in the A6L?",negative,0.6830,0.3061,0.0109,0.6830,55,2,44,44,0,56,2026-04-15T11:01:49.935Z
oP_EYxhNhXk,"Watching this to see which one is better with 50rs in my bank account!",negative,0.8103,0.1872,0.0025,0.8103,1,2,44,44,0,56,2026-04-15T11:01:49.935Z
oP_EYxhNhXk,"Please update your production pipeline and upload in 4k as standard. Watching this on a TV is a pain.",negative,0.9155,0.0833,0.0012,0.9155,2,2,44,44,0,56,2026-04-15T11:01:49.935Z
oP_EYxhNhXk,"no seat ventilation at 80L in the mercedes??",negative,0.7753,0.2215,0.0032,0.7753,9,2,44,44,0,56,2026-04-15T11:01:49.935Z
oP_EYxhNhXk,"Such a pleasure to watch reviews from Gavin..very soothing 👌",positive,0.9803,0.9803,0.0020,0.0178,1,2,44,44,0,56,2026-04-15T11:01:49.935Z
oP_EYxhNhXk,"In search of teach we lost the classy royal high quality buttons knobs",negative,0.7684,0.2285,0.0032,0.7684,1,2,44,44,0,56,2026-04-15T11:01:49.935Z
oP_EYxhNhXk,"Skoda superb I brought in 2019 is better then current e class … better engine and better feel super smooth",positive,0.9754,0.9754,0.0011,0.0235,5,2,44,44,0,56,2026-04-15T11:01:49.935Z
oP_EYxhNhXk,"Very anticipated to see the rival comparison",positive,0.4854,0.4854,0.1250,0.3896,0,2,44,44,0,56,2026-04-15T11:01:49.935Z
oP_EYxhNhXk,"Bmw 5 series all the way !!! 👍👍🙏🙏",positive,0.7496,0.7496,0.0514,0.1990,8,2,44,44,0,56,2026-04-15T11:01:49.935Z
oP_EYxhNhXk,"Where are these cushions from for the mercedes? Definitely not available as an option on the website",negative,0.4964,0.4850,0.0185,0.4964,0,2,44,44,0,56,2026-04-15T11:01:49.935Z
oP_EYxhNhXk,"Nobody says these german cars are expensive ?",negative,0.4997,0.4322,0.0681,0.4997,2,2,44,44,0,56,2026-04-15T11:01:49.935Z
oP_EYxhNhXk,"The 5 series drives better, is quieter and more comfortable while being 5L cheaper, yet the merc wins? Makes no sense really",negative,0.7424,0.2550,0.0025,0.7424,57,2,44,44,0,56,2026-04-15T11:01:49.935Z
oP_EYxhNhXk,"Plush cars, and your way of speaking makes it feel comfier, and I feel sleepy....what awesome cars and their reviews......",negative,0.7521,0.2452,0.0027,0.7521,1,2,44,44,0,56,2026-04-15T11:01:49.935Z
oP_EYxhNhXk,"So which one is better in corners? and driving generally?",positive,0.5024,0.5024,0.0164,0.4812,0,2,44,44,0,56,2026-04-15T11:01:49.935Z
oP_EYxhNhXk,"The BMW front it seems was designed by an 8 year old 😂",negative,0.9231,0.0755,0.0015,0.9231,1,2,44,44,0,56,2026-04-15T11:01:49.935Z
oP_EYxhNhXk,"It's really time for 4K videos",positive,0.4349,0.4349,0.1766,0.3884,0,2,44,44,0,56,2026-04-15T11:01:49.935Z
oP_EYxhNhXk,"really looking forward for the standard wheelbase variant of the E-Class . . .",negative,0.5862,0.4086,0.0052,0.5862,0,2,44,44,0,56,2026-04-15T11:01:49.935Z
oP_EYxhNhXk,"A BMW is a BMW is a BMW!!!",positive,0.8515,0.8515,0.0024,0.1461,0,2,44,44,0,56,2026-04-15T11:01:49.935Z
oP_EYxhNhXk,"5 series is for people who drives themselves while e class is for people who wanted an s class but can't afford",negative,0.7891,0.2084,0.0025,0.7891,0,2,44,44,0,56,2026-04-15T11:01:49.935Z
oP_EYxhNhXk,"After the launch e450 4matic I think bmw should launch the 540li xdrive in india",positive,0.6034,0.6034,0.0119,0.3847,1,2,44,44,0,56,2026-04-15T11:01:49.935Z
oP_EYxhNhXk,"Those frequent Castrol ads are literally hiding your content.",negative,0.7712,0.2148,0.0140,0.7712,0,2,44,44,0,56,2026-04-15T11:01:49.935Z
oP_EYxhNhXk,"The BMW designers were on crack when they made this design",negative,0.6796,0.3152,0.0052,0.6796,0,2,44,44,0,56,2026-04-15T11:01:49.935Z
oP_EYxhNhXk,"Guys just to be clear A6 is no competition to both these cars. Now we can talk further 😂😂",negative,0.6436,0.3533,0.0032,0.6436,0,2,44,44,0,56,2026-04-15T11:01:49.935Z
oP_EYxhNhXk,"Gavin should do more videos",positive,0.4503,0.4503,0.1584,0.3913,1,2,44,44,0,56,2026-04-15T11:01:49.935Z
oP_EYxhNhXk,"Hello Gavin wishing you and entire Autocar India happy Dushera & Diwali! My question to you is does BMW 530Li with rear wheel and 4 cylinder setup beats Merc E450 AWD and straight 6 cylinder when it c",positive,0.8213,0.8213,0.0018,0.1769,0,2,44,44,0,56,2026-04-15T11:01:49.935Z
oP_EYxhNhXk,"Put the new 5series engine in the the E200 and I would love to buy that car.🎉🎉",positive,0.9125,0.9125,0.0013,0.0862,1,2,44,44,0,56,2026-04-15T11:01:49.935Z
oP_EYxhNhXk,"Thus BIG advertisement kills the entire feel of the video especially the area where you show the interior cockpit",negative,0.9814,0.0180,0.0007,0.9814,0,2,44,44,0,56,2026-04-15T11:01:49.935Z
oP_EYxhNhXk,"Handsdown the best opinion about the looks of these car",positive,0.7040,0.7040,0.0028,0.2933,0,2,44,44,0,56,2026-04-15T11:01:49.935Z
oP_EYxhNhXk,"Add the gimmicky selfie camera in a car and no heated ventilated or massaging seats 😱😱😱at 80 lakh price point??? WTF mercedes",negative,0.9648,0.0343,0.0009,0.9648,1,2,44,44,0,56,2026-04-15T11:01:49.935Z
oP_EYxhNhXk,"Look at that Merc.....what a beauty and style.... elegant design with practical comfort seats for traveling......",positive,0.9847,0.9847,0.0012,0.0141,0,2,44,44,0,56,2026-04-15T11:01:49.935Z
oP_EYxhNhXk,"For a 1080p video..the vid quality is very bad.",negative,0.9382,0.0606,0.0012,0.9382,1,2,44,44,0,56,2026-04-15T11:01:49.935Z
oP_EYxhNhXk,"Common ! The tail light with the tri arrow design is the best part of the e class.",positive,0.7127,0.7127,0.0023,0.2850,0,2,44,44,0,56,2026-04-15T11:01:49.935Z
oP_EYxhNhXk,"We dont need a history on e class every-time the car makes a change or gets an update man.",negative,0.8981,0.0997,0.0022,0.8981,0,2,44,44,0,56,2026-04-15T11:01:49.935Z
oP_EYxhNhXk,"Why not shoot in 4K?",negative,0.6367,0.3398,0.0235,0.6367,0,2,44,44,0,56,2026-04-15T11:01:49.935Z
oP_EYxhNhXk,"Hello, Autocar, I love your videos, and you are often my first choice when it comes to watching car videos. But, i have a particular issue with your speed versus time graph. Speed is a function of tim",negative,0.7016,0.2954,0.0030,0.7016,0,2,44,44,0,56,2026-04-15T11:01:49.935Z
oP_EYxhNhXk,"how can one eliminate Audi A6 from the comparison sure is a great car!!",positive,0.9474,0.9474,0.0012,0.0514,1,2,44,44,0,56,2026-04-15T11:01:49.935Z
oP_EYxhNhXk,"Very good review by Autocar India. If #BMW5Sereies has the rear seat controls and entertainment package would be a perfect all rounder. #MercedesBenzEClass has that except the entertainment package. B",positive,0.7137,0.7137,0.0020,0.2843,1,2,44,44,0,56,2026-04-15T11:01:49.935Z
oP_EYxhNhXk,"Ground clearance?",negative,0.4102,0.3919,0.1978,0.4102,0,2,44,44,0,56,2026-04-15T11:01:49.935Z
oP_EYxhNhXk,"Happy Deepawali 😊",positive,0.3916,0.3916,0.2569,0.3515,0,2,44,44,0,56,2026-04-15T11:01:49.935Z
oP_EYxhNhXk,"Would've loved to have seen the Carnival in this comparison too",positive,0.5288,0.5288,0.0086,0.4626,1,2,44,44,0,56,2026-04-15T11:01:49.935Z
oP_EYxhNhXk,"Both limousines are amazing to drive😊",positive,0.6315,0.6315,0.0865,0.2819,0,2,44,44,0,56,2026-04-15T11:01:49.935Z
oP_EYxhNhXk,"Both these cars are confused. They are based on regular sedans but have been modified for chauffer use for India and China. So if these are cars are meant to be primarily chauffer driven, why have THR",negative,0.9865,0.0129,0.0006,0.9865,1,2,44,44,0,56,2026-04-15T11:01:49.935Z
oP_EYxhNhXk,"Improve camera quality,it doesn't give justice to your content!!",negative,0.7977,0.2005,0.0018,0.7977,0,2,44,44,0,56,2026-04-15T11:01:49.935Z
oP_EYxhNhXk,"Good looking alloys are a must here on 5 Series. The ones shown here just feels so off.",negative,0.7308,0.2664,0.0028,0.7308,0,2,44,44,0,56,2026-04-15T11:01:49.935Z
oP_EYxhNhXk,"When ride quality is better in one, it is the better car; especially when chauffeured! Pillow, soft-close & boss-mode to push a seat do not all add up to negate this shortcoming. Not to mention, the d",positive,0.7021,0.7021,0.0020,0.2958,0,2,44,44,0,56,2026-04-15T11:01:49.935Z
oP_EYxhNhXk,"tf is wrong with 5 series' alloys",negative,0.9237,0.0745,0.0017,0.9237,1,2,44,44,0,56,2026-04-15T11:01:49.935Z
oP_EYxhNhXk,"No inbuilt sunshades in a chauffeur driven limo worth 1 cr????😮??!?",negative,0.9223,0.0765,0.0012,0.9223,0,2,44,44,0,56,2026-04-15T11:01:49.935Z
oP_EYxhNhXk,"The road presence of Bmw cars is insane 😎 but yeh i still go for the previous gen design elements for 5 series",positive,0.5699,0.5699,0.0049,0.4252,0,2,44,44,0,56,2026-04-15T11:01:49.935Z
oP_EYxhNhXk,"The E class looks 100 times better and is more plush from inside. Don't give a crap about performance as we hardly use it in congested cities.",negative,0.5421,0.4552,0.0027,0.5421,1,2,44,44,0,56,2026-04-15T11:01:49.935Z
oP_EYxhNhXk,"Owning Honda City and watching this comparison 🤡🥲",negative,0.9597,0.0391,0.0012,0.9597,0,2,44,44,0,56,2026-04-15T11:01:49.935Z
oP_EYxhNhXk,"Will BMW still get the 6GT ?",positive,0.4417,0.4417,0.1538,0.4045,0,2,44,44,0,56,2026-04-15T11:01:49.935Z
oP_EYxhNhXk,"50 fps nice : )",positive,0.4241,0.4241,0.1945,0.3814,1,2,44,44,0,56,2026-04-15T11:01:49.935Z
oP_EYxhNhXk,"7:50 how do you brush off seat ventilation point so easily? it’s a need in our climate. In an 80L car it’s shocking.",negative,0.6925,0.3051,0.0025,0.6925,11,2,44,44,0,56,2026-04-15T11:01:49.935Z
oP_EYxhNhXk,"No Sunshades a deal breaker for me",negative,0.7562,0.2411,0.0027,0.7562,0,2,44,44,0,56,2026-04-15T11:01:49.935Z
oP_EYxhNhXk,"Projector LED lights should come as standard",positive,0.5528,0.5528,0.0093,0.4379,1,2,44,44,0,56,2026-04-15T11:01:49.935Z
oP_EYxhNhXk,"5 series looks so bad, even the new 7 series kinda grew on me but this is just objectively bad compared to previous gens. Also what's up with those touch controls for AC and other important functions,",negative,0.9905,0.0088,0.0007,0.9905,2,2,44,44,0,56,2026-04-15T11:01:49.935Z
oP_EYxhNhXk,"What about the engine?",negative,0.5240,0.4148,0.0612,0.5240,0,2,44,44,0,56,2026-04-15T11:01:49.935Z
oP_EYxhNhXk,"No ventilation for seats in merc😂😂😂😂😂😂😂😂",negative,0.8905,0.1071,0.0024,0.8905,0,2,44,44,0,56,2026-04-15T11:01:49.935Z
oP_EYxhNhXk,"How performance compared to Toyota Camry ?",positive,0.4332,0.4332,0.1559,0.4109,0,2,44,44,0,56,2026-04-15T11:01:49.935Z
oP_EYxhNhXk,"New 5 series in other Countries 🗿🗿 New 5 series in india 🤡🤡",negative,0.8645,0.1336,0.0019,0.8645,0,2,44,44,0,56,2026-04-15T11:01:49.935Z
oP_EYxhNhXk,"5 series is better than E class now and bmw is giving competition to mercedes in this segment but the old E class and best was the last to last generation was so beautiful and classy but now bmw is be",negative,0.5049,0.4922,0.0030,0.5049,1,2,44,44,0,56,2026-04-15T11:01:49.935Z
oP_EYxhNhXk,"Jab tata safari aur Mahindra XUV 700 me 35 lakh me ventilated seats aane lagegi tab ye 90 lacs ki gaadiya koi nahi lega😅",negative,0.6046,0.3866,0.0088,0.6046,0,2,44,44,0,56,2026-04-15T11:01:49.935Z
oP_EYxhNhXk,"I wish you happy Diwali",positive,0.4169,0.4169,0.2278,0.3553,1,2,44,44,0,56,2026-04-15T11:01:49.935Z
oP_EYxhNhXk,"I believe in term of exterior design the all new 2025 audi a6 sedan looks the best👀❗️",positive,0.8230,0.8230,0.0033,0.1737,0,2,44,44,0,56,2026-04-15T11:01:49.935Z
oP_EYxhNhXk,"This BMW is way better!",positive,0.5668,0.5668,0.0674,0.3658,4,2,44,44,0,56,2026-04-15T11:01:49.935Z
oP_EYxhNhXk,"My tata harrier top model and xuv700 Ax7 L are more value for money than these two",negative,0.5031,0.4932,0.0037,0.5031,9,2,44,44,0,56,2026-04-15T11:01:49.935Z
oP_EYxhNhXk,"The design of the individual elements is certainly better in the BMW than in its rival, but the Mercedes is much better proportioned and looks more elegant.",positive,0.9236,0.9236,0.0015,0.0750,0,2,44,44,0,56,2026-04-15T11:01:49.935Z
oP_EYxhNhXk,"BMW MAKES SMILE ON HIS FACE 😈😅😊",positive,0.7025,0.7025,0.0219,0.2757,0,2,44,44,0,56,2026-04-15T11:01:49.935Z
oP_EYxhNhXk,"So glad I booked the E Class LWB!! last year I had bought the C Class but it's suspension is very soft and the car touches on all speed bumps, pretty annoying and disheartening and since the car's gon",positive,0.7603,0.7603,0.0018,0.2379,0,2,44,44,0,56,2026-04-15T11:01:49.935Z
oP_EYxhNhXk,"Why's he saying V instead of W?",negative,0.8670,0.1290,0.0040,0.8670,0,2,44,44,0,56,2026-04-15T11:01:49.935Z
oP_EYxhNhXk,"Bhaisaab ye steering is nice and “progressive”…………arthaath?",negative,0.6726,0.3075,0.0199,0.6726,0,2,44,44,0,56,2026-04-15T11:01:49.935Z
oP_EYxhNhXk,"what happened to bmw 5 series",negative,0.6292,0.3406,0.0302,0.6292,0,2,44,44,0,56,2026-04-15T11:01:49.935Z
oP_EYxhNhXk,"most decent features are removed when these come to india and rates are jacked up...the worst tyres and suspension ads etc...",negative,0.9386,0.0602,0.0012,0.9386,0,2,44,44,0,56,2026-04-15T11:01:49.935Z
oP_EYxhNhXk,"It's actually a bad thing to not having ventilated seats in a 80 lac rs cars, where here we're getting it in a 20 lac rs cars too. Merc should think of it. It's true that this is mostly chauffeur driv",negative,0.9196,0.0791,0.0013,0.9196,0,2,44,44,0,56,2026-04-15T11:01:49.935Z
oP_EYxhNhXk,"why the potato camera shots in betweeen",negative,0.8717,0.1183,0.0101,0.8717,0,2,44,44,0,56,2026-04-15T11:01:49.935Z
oP_EYxhNhXk,"When you're rich and want a nice boring car 🥲",negative,0.7326,0.2535,0.0139,0.7326,1,2,44,44,0,56,2026-04-15T11:01:49.935Z
oP_EYxhNhXk,"Anyday e class is best buy option hands down",positive,0.8928,0.8928,0.0062,0.1010,0,2,44,44,0,56,2026-04-15T11:01:49.935Z
oP_EYxhNhXk,"Unless you live in Jammu, you dont need heated seats. It is stupid to keep expecting it. Cooled seats are a must for an E class and that is a shocking omission",negative,0.7428,0.2550,0.0022,0.7428,0,2,44,44,0,56,2026-04-15T11:01:49.935Z
oP_EYxhNhXk,"Audi a6;is already perfect with high profile tyres ,sparw wheel inbuilt --- omly miss is hybrid powertrain",negative,0.5189,0.4784,0.0027,0.5189,0,2,44,44,0,56,2026-04-15T11:01:49.935Z
Mw2BM8WhTqo,"It is your final chance to secure your tickets for the Creator Golf Club Championship before they're gone FOREVER, get them here - https://bit.ly/4c2UI2C Check out Takomo here - https://takomogolf.com",positive,0.8841,0.8841,0.0014,0.1144,21,1,73,73,0,27,2026-04-15T11:21:25.240Z
Mw2BM8WhTqo,"Randino, you look fantastic, buddy! You’ve surely shed those last few pounds because you appear slim in this picture, well done!",positive,0.9805,0.9805,0.0012,0.0183,698,1,73,73,0,27,2026-04-15T11:21:25.240Z
Mw2BM8WhTqo,"Randy looking trim fair play",positive,0.4431,0.4431,0.1639,0.3930,700,1,73,73,0,27,2026-04-15T11:21:25.240Z
Mw2BM8WhTqo,"Freeze and bulldog may be my new favourite duo",positive,0.9475,0.9475,0.0018,0.0507,338,1,73,73,0,27,2026-04-15T11:21:25.240Z
Mw2BM8WhTqo,"This is probably the most fit in relaxed collab I seen in big wedge",positive,0.9726,0.9726,0.0011,0.0263,187,1,73,73,0,27,2026-04-15T11:21:25.240Z
Mw2BM8WhTqo,"Damn, I have never seen Randy this slim.",negative,0.7225,0.2694,0.0081,0.7225,390,1,73,73,0,27,2026-04-15T11:21:25.240Z
Mw2BM8WhTqo,"One day we’ll get a vid with all 6",positive,0.4922,0.4922,0.1323,0.3755,257,1,73,73,0,27,2026-04-15T11:21:25.240Z
Mw2BM8WhTqo,"jimmy sending it round the corners with cal is funny af",positive,0.8095,0.8095,0.0019,0.1886,89,1,73,73,0,27,2026-04-15T11:21:25.240Z
Mw2BM8WhTqo,"Loved watching jimmy terrify all of YouTube golf in these buggies 😂😂😂😂😂",positive,0.6715,0.6715,0.0045,0.3240,179,1,73,73,0,27,2026-04-15T11:21:25.240Z
Mw2BM8WhTqo,"Harry and cal scramble vs bullard wud be a hell of a game",positive,0.9324,0.9324,0.0014,0.0661,99,1,73,73,0,27,2026-04-15T11:21:25.240Z
Mw2BM8WhTqo,"Randy looks like a different person respect",positive,0.5941,0.5941,0.0126,0.3933,89,1,73,73,0,27,2026-04-15T11:21:25.240Z
Mw2BM8WhTqo,"Josh n Harry truly missed out what a video barrel of laughter through out video, never get in golf cart with Jimmy 😂😂 poor frezzy 1 of the best videos I reckon well done everyone 👍",positive,0.9820,0.9820,0.0012,0.0168,42,1,73,73,0,27,2026-04-15T11:21:25.240Z
Mw2BM8WhTqo,"Go on Randisney, lost about 15kg over Christmas",positive,0.6419,0.6419,0.0044,0.3536,67,1,73,73,0,27,2026-04-15T11:21:25.240Z
Mw2BM8WhTqo,"You guys need a more big wedge type channel. An hour in the range filmed before a full filming session would be awesome",negative,0.5274,0.4694,0.0031,0.5274,17,1,73,73,0,27,2026-04-15T11:21:25.240Z
Mw2BM8WhTqo,"Its like a continuation of the masters weekend, maybe with a very slight drop of quality but still great",positive,0.9735,0.9735,0.0011,0.0254,54,1,73,73,0,27,2026-04-15T11:21:25.240Z
Mw2BM8WhTqo,"I love Jimmy !! Such a funny, likeable geezer.",positive,0.9822,0.9822,0.0013,0.0165,19,1,73,73,0,27,2026-04-15T11:21:25.240Z
Mw2BM8WhTqo,"Randino you look great mate! Definitely lost those final lbs cause ur looking slim in this one big ups!",positive,0.9620,0.9620,0.0012,0.0368,51,1,73,73,0,27,2026-04-15T11:21:25.240Z
Mw2BM8WhTqo,"Randy looking slimmer than ever",negative,0.5891,0.4061,0.0047,0.5891,33,1,73,73,0,27,2026-04-15T11:21:25.240Z
Mw2BM8WhTqo,"40:04 The look on his face after he started sliding 😂 Brother was flirting with disaster in that cart",negative,0.7419,0.2557,0.0024,0.7419,6,1,73,73,0,27,2026-04-15T11:21:25.240Z
Mw2BM8WhTqo,"Seb’s zip was doing heroes work holy shit 3:04",positive,0.8674,0.8674,0.0044,0.1282,7,1,73,73,0,27,2026-04-15T11:21:25.240Z
Mw2BM8WhTqo,"The Bulldog is class",positive,0.4859,0.4859,0.1753,0.3388,11,1,73,73,0,27,2026-04-15T11:21:25.240Z
Mw2BM8WhTqo,"Randy looks good! well done sir!",positive,0.9728,0.9728,0.0015,0.0257,23,1,73,73,0,27,2026-04-15T11:21:25.240Z
Mw2BM8WhTqo,"this is what we have been waiting for. jimmy b with the boyz",positive,0.8015,0.8015,0.0196,0.1789,11,1,73,73,0,27,2026-04-15T11:21:25.240Z
Mw2BM8WhTqo,"37:38 I only see two calfreezies chilling in the cart",negative,0.7086,0.2883,0.0031,0.7086,3,1,73,73,0,27,2026-04-15T11:21:25.240Z
Mw2BM8WhTqo,"13:37 when tubes’ hat flies off his head 😂😂😂",negative,0.7070,0.2844,0.0086,0.7070,6,1,73,73,0,27,2026-04-15T11:21:25.240Z
Mw2BM8WhTqo,"Jimmy is like any older version of Calfreezy",negative,0.8825,0.1158,0.0017,0.8825,2,1,73,73,0,27,2026-04-15T11:21:25.240Z
Mw2BM8WhTqo,"Slim shady ❌ Slam randy ✅",negative,0.5295,0.4440,0.0266,0.5295,8,1,73,73,0,27,2026-04-15T11:21:25.240Z
Mw2BM8WhTqo,"calfreezy being humble saying harry is the best",negative,0.5302,0.4514,0.0184,0.5302,1,1,73,73,0,27,2026-04-15T11:21:25.240Z
Mw2BM8WhTqo,"Every new human that enters Jimmys cart knows he only goes full speed.",negative,0.6230,0.3561,0.0210,0.6230,1,1,73,73,0,27,2026-04-15T11:21:25.240Z
Mw2BM8WhTqo,"19:41 cal and cal laughing in synch and in the same way. Think it gave me ♋️",positive,0.8630,0.8630,0.0016,0.1354,1,1,73,73,0,27,2026-04-15T11:21:25.240Z
Mw2BM8WhTqo,"Never heard of these guys before, but they were a great vibe 😊",positive,0.9747,0.9747,0.0013,0.0240,5,1,73,73,0,27,2026-04-15T11:21:25.240Z
Mw2BM8WhTqo,"COMPILATION OF JB DRIVING PLEASE 😂😂😂😂😂",negative,0.7390,0.2577,0.0033,0.7390,1,1,73,73,0,27,2026-04-15T11:21:25.240Z
Mw2BM8WhTqo,"I love how the bulldog quickly showed freezy who the banter merchant is",negative,0.5321,0.4654,0.0025,0.5321,0,1,73,73,0,27,2026-04-15T11:21:25.240Z
Mw2BM8WhTqo,"Randy playing Jested 😂 36:22",negative,0.5636,0.4320,0.0044,0.5636,1,1,73,73,0,27,2026-04-15T11:21:25.240Z
Mw2BM8WhTqo,"THE DREAM COLLLLLABBBB...Randy looking like a stud too 👀",positive,0.8145,0.8145,0.0040,0.1814,2,1,73,73,0,27,2026-04-15T11:21:25.240Z
Mw2BM8WhTqo,"16:08 Is a top quality line",positive,0.8486,0.8486,0.0219,0.1295,3,1,73,73,0,27,2026-04-15T11:21:25.240Z
Mw2BM8WhTqo,"Freezy and Jimmy are so alike 😂😂 they need more videos together, I'll be subscribing to them! I was at the second to last ever soccer AM and I miss it 😢",positive,0.9439,0.9439,0.0012,0.0549,2,1,73,73,0,27,2026-04-15T11:21:25.240Z
Mw2BM8WhTqo,"Let’s gooo Randy in the vid, don’t listen to the negativity, also you looking very in shaped",positive,0.8190,0.8190,0.0017,0.1792,13,1,73,73,0,27,2026-04-15T11:21:25.240Z
Mw2BM8WhTqo,"Jimmy speeding off in the cart is inevitable 😂",negative,0.6547,0.3374,0.0079,0.6547,1,1,73,73,0,27,2026-04-15T11:21:25.240Z
Mw2BM8WhTqo,"This is like when you were a kid and your 2 favourite shows did a cross over episode",negative,0.6597,0.3371,0.0032,0.6597,0,1,73,73,0,27,2026-04-15T11:21:25.240Z
Mw2BM8WhTqo,"This has got to be one of the best collabs! Genuinely hilarious🤣",positive,0.9847,0.9847,0.0018,0.0136,0,1,73,73,0,27,2026-04-15T11:21:25.240Z
Mw2BM8WhTqo,"Freezy is absolutely terrified about that hat coming off",negative,0.5137,0.4831,0.0032,0.5137,0,1,73,73,0,27,2026-04-15T11:21:25.240Z
Mw2BM8WhTqo,"13:51 🥶",negative,0.4328,0.4113,0.1559,0.4328,2,1,73,73,0,27,2026-04-15T11:21:25.240Z
Mw2BM8WhTqo,"That winter Olympics comment was mad 😂😂",negative,0.6302,0.3067,0.0631,0.6302,0,1,73,73,0,27,2026-04-15T11:21:25.240Z
Mw2BM8WhTqo,"Jimmy is exactly what freezy needs to keep him in check, when he ripped him about the flags was hilarious 😂😂",positive,0.9415,0.9415,0.0012,0.0573,0,1,73,73,0,27,2026-04-15T11:21:25.240Z
Mw2BM8WhTqo,"So proud of you randyyyyyyooooo 💪🏽",positive,0.9827,0.9827,0.0015,0.0157,1,1,73,73,0,27,2026-04-15T11:21:25.240Z
Mw2BM8WhTqo,"Great collab 🥳🥳",positive,0.7277,0.7277,0.0687,0.2035,4,1,73,73,0,27,2026-04-15T11:21:25.240Z
Mw2BM8WhTqo,"Dang Randy 💪👏",positive,0.4492,0.4492,0.2046,0.3462,1,1,73,73,0,27,2026-04-15T11:21:25.240Z
Mw2BM8WhTqo,"Randy looks incredible! What a transformation",positive,0.9723,0.9723,0.0022,0.0255,1,1,73,73,0,27,2026-04-15T11:21:25.240Z
Mw2BM8WhTqo,"Can I just thank whoever it is that added the roll out to the tracers on the map, this has been my biggest pet peeve watching your guys videos for ages",negative,0.9297,0.0691,0.0012,0.9297,0,1,73,73,0,27,2026-04-15T11:21:25.240Z
Mw2BM8WhTqo,"That Winter Olympics comment was jokes 😭",negative,0.6325,0.2794,0.0881,0.6325,0,1,73,73,0,27,2026-04-15T11:21:25.240Z
Mw2BM8WhTqo,"Yes Randy, looking fly brother.",positive,0.4918,0.4918,0.1600,0.3482,1,1,73,73,0,27,2026-04-15T11:21:25.240Z
Mw2BM8WhTqo,"Randy really looks incredible. I’d love to lose 40lbs wonder what he changed to get that way I could stand to do the same",positive,0.9740,0.9740,0.0011,0.0249,3,1,73,73,0,27,2026-04-15T11:21:25.240Z
Mw2BM8WhTqo,"This was absolutely brilliant we need a round 2",positive,0.8287,0.8287,0.0455,0.1258,0,1,73,73,0,27,2026-04-15T11:21:25.240Z
Mw2BM8WhTqo,"Cal jumping out the cart almost sent Jim to an early grave",negative,0.5860,0.4105,0.0036,0.5860,0,1,73,73,0,27,2026-04-15T11:21:25.240Z
Mw2BM8WhTqo,"Looking good Randy. Nice one pal. Brilliant video lads.",positive,0.8641,0.8641,0.0293,0.1066,1,1,73,73,0,27,2026-04-15T11:21:25.240Z
Mw2BM8WhTqo,"Have to do this collab again lmao",positive,0.7523,0.7523,0.0134,0.2343,0,1,73,73,0,27,2026-04-15T11:21:25.240Z
Mw2BM8WhTqo,"RANDY LOOKING GOOD BABY",positive,0.6801,0.6801,0.0362,0.2837,2,1,73,73,0,27,2026-04-15T11:21:25.240Z
Mw2BM8WhTqo,"Callux and Bullard, the 2 biggest buggy menaces",negative,0.7767,0.2210,0.0023,0.7767,0,1,73,73,0,27,2026-04-15T11:21:25.240Z
Mw2BM8WhTqo,"I don't usually post comments, but I'm happy for Randy and all the support he gets",positive,0.9466,0.9466,0.0013,0.0520,0,1,73,73,0,27,2026-04-15T11:21:25.240Z
Mw2BM8WhTqo,"Randy looking good!",positive,0.6043,0.6043,0.0746,0.3211,3,1,73,73,0,27,2026-04-15T11:21:25.240Z
Mw2BM8WhTqo,"even the arguments are hilarious!",positive,0.6808,0.6808,0.0406,0.2786,0,1,73,73,0,27,2026-04-15T11:21:25.240Z
Mw2BM8WhTqo,"wtf randy looks like a new man",positive,0.6557,0.6557,0.0333,0.3110,1,1,73,73,0,27,2026-04-15T11:21:25.240Z
Mw2BM8WhTqo,"Freezy as a wild buggy passenger is brilliant🤣 had it with Harry and now Jimmy",positive,0.9722,0.9722,0.0011,0.0267,0,1,73,73,0,27,2026-04-15T11:21:25.240Z
Mw2BM8WhTqo,"Whoever thought it was a good idea putting jimmy with freezy in the cart, thank you seeing the fear in his eyes was priceless 😂😂 love having guys that can banter with freezy also makes him more relata",positive,0.6278,0.6278,0.0022,0.3700,0,1,73,73,0,27,2026-04-15T11:21:25.240Z
Mw2BM8WhTqo,"Randy looking gooooood",positive,0.4548,0.4548,0.1739,0.3713,1,1,73,73,0,27,2026-04-15T11:21:25.240Z
Mw2BM8WhTqo,"Brilliant, just Brilliant 😂😂",positive,0.4097,0.4097,0.2514,0.3389,1,1,73,73,0,27,2026-04-15T11:21:25.240Z
Mw2BM8WhTqo,"This is the absolute chaos we needed!",positive,0.7612,0.7612,0.0032,0.2355,0,1,73,73,0,27,2026-04-15T11:21:25.240Z
Mw2BM8WhTqo,"We want all the boys back together",positive,0.4803,0.4803,0.1424,0.3773,0,1,73,73,0,27,2026-04-15T11:21:25.240Z
Mw2BM8WhTqo,"What a collab😮👌",positive,0.6206,0.6206,0.1051,0.2743,1,1,73,73,0,27,2026-04-15T11:21:25.240Z
Mw2BM8WhTqo,"Big personalities, tough conditions and a format that keeps everyone guessing from the first tee to the final putt. Scramble versus alternate shot always brings out the best competition, and this one",positive,0.9839,0.9839,0.0010,0.0151,1,1,73,73,0,27,2026-04-15T11:21:25.240Z
Mw2BM8WhTqo,"Yes Randy!! Looking 10/10! Well done on the hard work to get there, very impressive, should be very proud of that! No simple matter",positive,0.9863,0.9863,0.0013,0.0124,1,1,73,73,0,27,2026-04-15T11:21:25.240Z
Mw2BM8WhTqo,"Need a rematch with better weather!",positive,0.7273,0.7273,0.0075,0.2652,0,1,73,73,0,27,2026-04-15T11:21:25.240Z
Mw2BM8WhTqo,"'hows he done that, hes hit the last 3 through his legs' killed me",negative,0.8456,0.1525,0.0019,0.8456,0,1,73,73,0,27,2026-04-15T11:21:25.240Z
Mw2BM8WhTqo,"I hope Randy makes a video on his weight loss. Mad impressive.",positive,0.7000,0.7000,0.0393,0.2607,1,1,73,73,0,27,2026-04-15T11:21:25.240Z
Mw2BM8WhTqo,"Randy might have wanted to play a round before the comeback here lmao",negative,0.5412,0.4374,0.0215,0.5412,0,1,73,73,0,27,2026-04-15T11:21:25.240Z
Mw2BM8WhTqo,"Randy looking good, he's lost even more weight since the last video he was in. Very noticeable in this video straight away. Go on King 👑",positive,0.9825,0.9825,0.0011,0.0164,2,1,73,73,0,27,2026-04-15T11:21:25.240Z
Mw2BM8WhTqo,"Great vibes all around this vid",positive,0.9651,0.9651,0.0046,0.0302,0,1,73,73,0,27,2026-04-15T11:21:25.240Z
Mw2BM8WhTqo,"Freezy intros are undefeated",positive,0.4390,0.4390,0.1978,0.3633,0,1,73,73,0,27,2026-04-15T11:21:25.240Z
Mw2BM8WhTqo,"Hands down the best guest on the channel.",positive,0.6287,0.6287,0.1057,0.2655,0,1,73,73,0,27,2026-04-15T11:21:25.240Z
Mw2BM8WhTqo,"This was the crossover I was waiting for omllllll",positive,0.9293,0.9293,0.0040,0.0667,0,1,73,73,0,27,2026-04-15T11:21:25.240Z
Mw2BM8WhTqo,"What a collab! Great vibes from Golf Life Boys!! Great Lads.",positive,0.9857,0.9857,0.0013,0.0131,1,1,73,73,0,27,2026-04-15T11:21:25.240Z
Mw2BM8WhTqo,"Big up Randy bro is looking fresh happy joyful and the weight loss is just crazy ❤",positive,0.9829,0.9829,0.0011,0.0160,1,1,73,73,0,27,2026-04-15T11:21:25.240Z
Mw2BM8WhTqo,"This is the video ive been waiting for 💯",positive,0.7648,0.7648,0.0561,0.1791,1,1,73,73,0,27,2026-04-15T11:21:25.240Z
Mw2BM8WhTqo,"Great to see Simon back with the boys",positive,0.8699,0.8699,0.0246,0.1055,1,1,73,73,0,27,2026-04-15T11:21:25.240Z
Mw2BM8WhTqo,"Ayyy another fire episode",positive,0.4329,0.4329,0.2297,0.3373,1,1,73,73,0,27,2026-04-15T11:21:25.240Z
Mw2BM8WhTqo,"It would be very smart to do one of these tournaments once a year",positive,0.6604,0.6604,0.0031,0.3365,0,1,73,73,0,27,2026-04-15T11:21:25.240Z
Mw2BM8WhTqo,"Impeccable vibes",positive,0.4937,0.4937,0.1316,0.3747,0,1,73,73,0,27,2026-04-15T11:21:25.240Z
Mw2BM8WhTqo,"watching lux play from the first vid to now is crazy",positive,0.8259,0.8259,0.0037,0.1704,1,1,73,73,0,27,2026-04-15T11:21:25.240Z
Mw2BM8WhTqo,"Best collab on the channel 100%",positive,0.6836,0.6836,0.0694,0.2470,0,1,73,73,0,27,2026-04-15T11:21:25.240Z
Mw2BM8WhTqo,"Freezy and Jim (I think) are like young and old versions of the same person 🤣",positive,0.5669,0.5669,0.0058,0.4273,0,1,73,73,0,27,2026-04-15T11:21:25.240Z
Mw2BM8WhTqo,"Holy refresh pull 🙏",positive,0.4795,0.4795,0.1493,0.3711,1,1,73,73,0,27,2026-04-15T11:21:25.240Z
Mw2BM8WhTqo,"Jimmy cracks me up man😂",positive,0.4937,0.4937,0.1716,0.3348,1,1,73,73,0,27,2026-04-15T11:21:25.240Z
Mw2BM8WhTqo,"The way lux nearly made Randy come out the kart killed me off 😂😂",negative,0.6811,0.3160,0.0029,0.6811,0,1,73,73,0,27,2026-04-15T11:21:25.240Z
Mw2BM8WhTqo,"Just sat down for food banging refresh pull",positive,0.6949,0.6949,0.0076,0.2975,1,1,73,73,0,27,2026-04-15T11:21:25.240Z
Mw2BM8WhTqo,"Seriously proud of Randy, he looks amazing",positive,0.9407,0.9407,0.0076,0.0517,0,1,73,73,0,27,2026-04-15T11:21:25.240Z
Mw2BM8WhTqo,"What’s the joke for the Winter Olympics? Why is which one so funny",negative,0.8144,0.1702,0.0154,0.8144,0,1,73,73,0,27,2026-04-15T11:21:25.240Z
Mw2BM8WhTqo,"13:35 donnys hat went flying",positive,0.5473,0.5473,0.0162,0.4365,0,1,73,73,0,27,2026-04-15T11:21:25.240Z
Mw2BM8WhTqo,"This is what ive been waiting for 😂",positive,0.4608,0.4608,0.1929,0.3462,0,1,73,73,0,27,2026-04-15T11:21:25.240Z
Mw2BM8WhTqo,"Not having Harry here with Jimmy is CRIMINAL",negative,0.8317,0.1666,0.0017,0.8317,1,1,73,73,0,27,2026-04-15T11:21:25.240Z
